epoch,acc,loss,val_acc,val_loss
0,0.175600000471,2.23594338894,0.143999998271,2.20298781395
1,0.236399999112,2.08163453102,0.30000000298,2.01385161877
2,0.301800003052,1.96695376396,0.292000004649,1.98129427433
3,0.320600001216,1.92279552698,0.319999998808,1.89763948917
4,0.345000001192,1.84680871964,0.374000006914,1.80123729706
5,0.387999995947,1.75271359205,0.393999999762,1.7431789875
6,0.416599994898,1.68466093302,0.376000005007,1.76241714954
7,0.43379999876,1.64388445377,0.381999999285,1.78108181953
8,0.46539999783,1.56996694565,0.391999995708,1.70409142971
9,0.471399996281,1.55306988239,0.442000001669,1.68385875225
10,0.511399996281,1.44158830881,0.477999997139,1.60933310986
11,0.520199999809,1.3965899539,0.429999995232,1.72766647339
12,0.543599996567,1.32978721619,0.453999996185,1.63792071342
13,0.558399995565,1.28476425409,0.443999999762,1.69376709461
14,0.59819999814,1.168404603,0.468000000715,1.72234590054
15,0.627600004673,1.10331848025,0.487999993563,1.71954433918
16,0.627000001669,1.08207984924,0.434000003338,1.77592031956
17,0.662200003862,1.00344873667,0.465999990702,1.8002342701
18,0.673200000525,0.954579066038,0.46400000453,1.76083273888
19,0.699400005341,0.886483379602,0.471999996901,1.90882711411
20,0.728799999952,0.805070608258,0.505999994278,1.90679795742
21,0.742599996328,0.745075575709,0.451999998093,2.05766384602
22,0.767199999094,0.692316638231,0.455999994278,2.1449785471
23,0.792599999905,0.621793754697,0.470000004768,2.05880215168
24,0.817999994755,0.548030938506,0.465999996662,2.22223305702
