epoch,acc,loss,val_acc,val_loss
0,0.111599999741,2.34429714203,0.158000002801,2.27163896561
1,0.190799999833,2.2015026474,0.255999997258,2.10992689133
2,0.253600000441,2.07326580286,0.339999997616,1.93926212788
3,0.318600000143,1.9416125536,0.375999999046,1.84644937515
4,0.339000002444,1.90893218756,0.353999996185,1.86295819283
5,0.391400001645,1.78274221897,0.395999997854,1.71655910015
6,0.416199998856,1.70123586655,0.38599999547,1.74300129414
7,0.443199994564,1.63305784225,0.443999987841,1.63347175121
8,0.456999996901,1.57901545286,0.441999995708,1.6777125597
9,0.486199997067,1.52610184908,0.443999999762,1.66446113586
10,0.494599998593,1.45729836941,0.465999996662,1.65044558048
11,0.52279999733,1.40686560869,0.445999997854,1.68133006096
12,0.545199996829,1.33540840387,0.423999994993,1.65865674019
13,0.560599995852,1.3013583231,0.461999994516,1.71617109776
14,0.580200002193,1.21098066449,0.436000001431,1.76921651363
15,0.608600002527,1.15793313622,0.465999990702,1.70428597927
16,0.632600001097,1.0766571033,0.434000003338,1.84831130505
17,0.636400001049,1.04704268932,0.445999997854,1.77305269241
18,0.670800004005,0.955133339167,0.443999987841,1.86273145676
19,0.684000003338,0.908974531889,0.437999993563,1.93867325783
20,0.694199998379,0.889634096622,0.439999997616,1.94926569462
21,0.734000000954,0.780434840918,0.429999995232,2.04131476879
22,0.756999999285,0.727699861526,0.404000002146,2.11896409988
23,0.783999997377,0.650898919106,0.427999997139,2.16832060814
24,0.794799998999,0.606588705778,0.431999999285,2.24459533691
