epoch,acc,loss,val_acc,val_loss
0,0.145999999642,2.26074146748,0.202000004053,2.15662345886
1,0.232599999011,2.12371138811,0.258000001311,2.07720909119
2,0.26620000124,2.05645569086,0.280000001192,2.03005902767
3,0.302800001204,1.9955223012,0.296000003815,1.961840415
4,0.334600001574,1.9212309742,0.330000001192,1.87598354816
5,0.344399999082,1.88113372326,0.337999993563,1.82036032677
6,0.382599999309,1.79363024473,0.380000001192,1.7603386879
7,0.401600000262,1.7382819581,0.39999999404,1.74040203094
8,0.406999999881,1.72127275944,0.381999999285,1.71943998337
9,0.425199997425,1.66375966311,0.412000000477,1.69278850555
10,0.431799998879,1.63887869358,0.429999995232,1.6560833931
11,0.458400000334,1.58913842916,0.439999997616,1.64619674683
12,0.460799998641,1.57620570898,0.423999994993,1.65408620834
13,0.462999997735,1.55551096439,0.443999993801,1.61560482979
14,0.482399996519,1.51126781702,0.459999996424,1.59520318508
15,0.489199998379,1.49982127428,0.439999997616,1.60877351761
16,0.498799996376,1.46554141521,0.456000000238,1.56863255501
17,0.516399993896,1.42014825106,0.489999991655,1.58055319786
18,0.519199997783,1.40490034819,0.477999991179,1.5900187254
19,0.514199994206,1.40999549389,0.491999989748,1.54195969105
20,0.53699999392,1.34997389555,0.480000001192,1.58116886616
21,0.551199995875,1.3299871254,0.480000001192,1.54144873619
22,0.544199995399,1.3219852519,0.48599999547,1.54781799316
23,0.56539999783,1.27466293812,0.476000005007,1.59290044308
24,0.569399995208,1.25788372517,0.503999990225,1.55734162331
