epoch,acc,loss,val_acc,val_loss
0,0.170999999866,2.20418640614,0.253999993205,2.06098585129
1,0.275000002086,1.98926794291,0.284000000358,1.9660800457
2,0.326600002944,1.87680764675,0.33599999547,1.82893240452
3,0.343600002527,1.82778488636,0.354000002146,1.81234834194
4,0.367399998903,1.78919145107,0.368000000715,1.75782043934
5,0.37720000118,1.73422044754,0.409999996424,1.73712790012
6,0.399799997211,1.69731683254,0.407999992371,1.67770974636
7,0.421199999452,1.63786864281,0.418000000715,1.65496857166
8,0.440999996662,1.59754534721,0.418000000715,1.65203206539
9,0.446999999881,1.57764809608,0.427999997139,1.65817382336
10,0.457799998522,1.5366608572,0.45,1.59336569309
11,0.475199995637,1.50822355986,0.475999999046,1.59611508846
12,0.481999996305,1.47957844973,0.469999998808,1.53478252888
13,0.489599996209,1.45481888056,0.489999997616,1.53993113041
14,0.507399998903,1.42603993893,0.437999993563,1.66826329231
15,0.515399996638,1.39984711409,0.487999993563,1.52985520363
16,0.533999996781,1.36125406027,0.488000005484,1.49492766857
17,0.538999998569,1.33164502144,0.487999993563,1.48167417049
18,0.545999996066,1.31747967958,0.467999994755,1.52891795635
19,0.54379999876,1.29870767832,0.493999993801,1.45389020443
20,0.573199994564,1.24628031611,0.5,1.46838564873
21,0.570799995661,1.25178599119,0.497999995947,1.50839188099
22,0.577799999118,1.21720371127,0.486000007391,1.50402266979
23,0.587199999094,1.1848082757,0.517999994755,1.46582269669
24,0.603600000143,1.15963429809,0.48599999547,1.54627015591
