epoch,acc,loss,val_acc,val_loss
0,0.156199999526,2.20107450485,0.202000004053,2.06882576942
1,0.199599998742,2.10606836796,0.219999998808,2.06967628002
2,0.255600000024,2.0346852088,0.31400000453,1.92429785728
3,0.298799999654,1.91360828876,0.325999999046,1.85796952248
4,0.320399999917,1.86012212038,0.337999996543,1.8184984684
5,0.348199999928,1.8036630249,0.356000006199,1.74684901237
6,0.381399999261,1.75200373411,0.361999994516,1.74028556347
7,0.385799999833,1.71764051199,0.365999996662,1.76862986088
8,0.400999997854,1.67188883543,0.421999996901,1.64857752323
9,0.422999999523,1.63480963707,0.407999998331,1.68434035778
10,0.432999997735,1.59918332577,0.433999997377,1.61508879662
11,0.453599994183,1.56862558126,0.43599998951,1.5828461647
12,0.452999995947,1.53893081903,0.436000001431,1.61699156761
13,0.465599996448,1.5160994935,0.409999996424,1.61379513741
14,0.479999995828,1.48209414482,0.434000003338,1.55873858929
15,0.488999994993,1.46369357824,0.427999991179,1.52970671654
16,0.50219999671,1.41957760572,0.471999996901,1.4907538414
17,0.509599993229,1.39970955849,0.473999994993,1.54094736576
18,0.511199995875,1.41077781439,0.481999993324,1.45327427387
19,0.528999994397,1.35643315554,0.483999997377,1.44086105824
20,0.534399996996,1.33844364405,0.461999994516,1.49093747139
21,0.543199993372,1.3161679101,0.506000000238,1.4114679575
22,0.54779999733,1.2909107852,0.49999999404,1.4321034193
23,0.561199997663,1.26422283173,0.492000001669,1.42437262535
24,0.580199993849,1.22581611872,0.49999999404,1.40558445454
