epoch,acc,loss,val_acc,val_loss
0,0.159199999943,2.21282576084,0.206000000238,2.08736038208
1,0.21819999963,2.08202444553,0.283999997377,2.00789289474
2,0.25900000006,2.01767953396,0.307999992371,1.91507592201
3,0.306200002432,1.937291646,0.365999996662,1.83559172153
4,0.35780000031,1.81018345833,0.421999996901,1.70475101471
5,0.372600000501,1.73724387407,0.413999992609,1.6565570116
6,0.402799999118,1.68128748178,0.459999990463,1.61215388775
7,0.428999999166,1.62728765249,0.475999993086,1.52954525948
8,0.442399995923,1.57848967075,0.474000006914,1.5234536171
9,0.456399999261,1.53155753851,0.469999998808,1.54029114246
10,0.468400000334,1.51601800919,0.47199999094,1.49649939537
11,0.482999998331,1.4629221034,0.51400000453,1.45745608807
12,0.489399997592,1.43820626736,0.475999993086,1.46294691563
13,0.508599997759,1.39744240761,0.526000005007,1.40171096325
14,0.516599997878,1.39270896673,0.52199998498,1.43294036388
15,0.525799993873,1.35625896692,0.506000000238,1.457858634
16,0.521199993491,1.33813996077,0.55,1.41517949104
17,0.544799998403,1.31094132662,0.530000001192,1.3972086668
18,0.543599995375,1.3076016593,0.521999996901,1.39972925186
19,0.55219999969,1.26093225718,0.525999993086,1.35365180969
20,0.564799996614,1.25230007172,0.545999991894,1.37457194328
21,0.569600000381,1.21410037518,0.536000001431,1.3873742342
22,0.575399999022,1.20485836506,0.530000001192,1.35788993835
23,0.582599998116,1.19056093931,0.531999987364,1.36265506744
24,0.589799995422,1.16483756781,0.542000007629,1.34095191956
