epoch,acc,loss,val_acc,val_loss
0,0.184799999967,2.17080866337,0.233999997377,2.0545488596
1,0.313600000739,1.89189910889,0.348000001907,1.81573832035
2,0.38940000236,1.71678415537,0.409999996424,1.66014399529
3,0.451399997473,1.5869308877,0.463999998569,1.56283450127
4,0.475999999046,1.50182392359,0.477999991179,1.48206343651
5,0.487399996519,1.4657334733,0.507999998331,1.47376093864
6,0.508799997568,1.40954063892,0.542000007629,1.40177998543
7,0.521599995494,1.35716763258,0.531999999285,1.39894962311
8,0.529600000381,1.36387990475,0.519999998808,1.39769966602
9,0.539399995804,1.31128634453,0.507999992371,1.4040418148
10,0.559599999189,1.26175848246,0.572000002861,1.37687153816
11,0.567599996328,1.24499551654,0.543999999762,1.34157845974
12,0.581400001645,1.21152752161,0.551999998093,1.31530058384
13,0.592199996114,1.19240023851,0.553999996185,1.32920205593
14,0.596000000238,1.15478638411,0.569999992847,1.29656682014
15,0.610800001025,1.11836729646,0.562000006437,1.30163235664
16,0.627199999094,1.09046051264,0.581999993324,1.24430699348
17,0.645800002813,1.03805389285,0.581999993324,1.29048945904
18,0.637400000095,1.04618351102,0.563999998569,1.3316639185
19,0.654800000191,0.992671363354,0.584000003338,1.23839371204
20,0.665599995852,0.967945743799,0.595999991894,1.22684018612
21,0.681400002241,0.934120106697,0.579999983311,1.24328076839
22,0.68900000453,0.914297143221,0.620000004768,1.23513884544
23,0.693800001144,0.890752258301,0.61400001049,1.19335536957
24,0.709000002146,0.862618684769,0.613999998569,1.24296646118
