epoch,acc,loss,val_acc,val_loss
0,0.191800000891,2.12716097355,0.256000000238,1.97497065067
1,0.29620000124,1.9158607769,0.265999996662,1.93377578259
2,0.342800000906,1.82273724318,0.330000004172,1.80270693302
3,0.378000000119,1.74692895651,0.380000001192,1.72288563251
4,0.405999996662,1.67812857151,0.401999998093,1.67789671421
5,0.428199997544,1.60368869543,0.418000000715,1.65199272633
6,0.443199995756,1.58075698853,0.407999998331,1.64350545406
7,0.449799996018,1.5456843257,0.429999995232,1.61011099815
8,0.460400000215,1.52374403477,0.449999988079,1.60421175957
9,0.474399997592,1.50064192057,0.43599999547,1.61758224964
10,0.487999998927,1.45906246424,0.43599999547,1.59756240845
11,0.491199998856,1.44590439558,0.461999988556,1.59799616337
12,0.493799996972,1.43636227369,0.424000000954,1.58934762478
13,0.505799999237,1.41373314619,0.447999989986,1.54558136463
14,0.510599997044,1.40134116888,0.479999995232,1.53384859562
15,0.519199995399,1.37378979921,0.448000001907,1.52761583328
16,0.530399995446,1.34260231972,0.463999992609,1.52206373215
17,0.541999991536,1.32058334589,0.44999999404,1.52184326649
18,0.54719999969,1.30853919268,0.447999989986,1.51859920025
19,0.547799994349,1.29583049059,0.477999997139,1.51900930405
20,0.55559999764,1.28603748322,0.443999993801,1.5260279417
21,0.561799998283,1.25369670391,0.50000000596,1.463525033
22,0.575799998045,1.23239829302,0.493999993801,1.49111442566
23,0.576199997067,1.22826096535,0.499999988079,1.46623809338
24,0.579200000763,1.20658934593,0.481999993324,1.50946445465
