epoch,acc,loss,val_acc,val_loss
0,0.169600000381,2.27417745113,0.253999999166,2.09224147797
1,0.261800000072,2.06448723793,0.268000000715,2.05193166733
2,0.324000002146,1.94143965244,0.325999999046,1.90462129116
3,0.377599998713,1.80340162992,0.357999998331,1.78606188297
4,0.401199999452,1.7374322772,0.346000003815,1.86209070683
5,0.424599997401,1.66820713282,0.393999999762,1.82514302731
6,0.44879999876,1.59679299593,0.41400000453,1.68639354706
7,0.485799996257,1.51843005419,0.445999991894,1.66630930901
8,0.5113999933,1.45648582697,0.433999991417,1.69847404957
9,0.540199996829,1.37842367172,0.44999999404,1.63675370216
10,0.562799999118,1.31131057501,0.439999991655,1.76454296112
11,0.574799996614,1.24504436374,0.489999991655,1.61108219624
12,0.600399998426,1.17021225452,0.474000000954,1.70717463493
13,0.619199999571,1.12473759532,0.507999998331,1.69742350578
14,0.63660000205,1.06382305741,0.479999995232,1.74347763062
15,0.666000001431,0.969167712927,0.471999996901,1.7263666153
16,0.688600000143,0.9160427773,0.465999996662,1.85199038982
17,0.70939999938,0.845861746073,0.443999993801,1.93901426792
18,0.731400001049,0.801028409004,0.467999994755,1.93025844097
19,0.75439999938,0.717537347078,0.483999991417,1.92019586563
20,0.770800004005,0.664474084973,0.475999993086,2.05763711929
21,0.800999996662,0.594376140833,0.445999997854,2.32989256382
22,0.807200000286,0.574410265088,0.465999996662,2.27796838284
23,0.80819999814,0.542590150237,0.463999998569,2.38521165848
24,0.84659999609,0.457005086541,0.466000002623,2.44498138428
