epoch,acc,loss,val_acc,val_loss
0,0.157799999043,2.1839405036,0.177999997139,2.08632016182
1,0.254600000679,1.98774005413,0.306000000238,1.80767765045
2,0.326399998665,1.80854247808,0.388000005484,1.68165440559
3,0.401200000644,1.63227115631,0.416000002623,1.58768255711
4,0.44599999845,1.5443311882,0.48599999547,1.46671574116
5,0.487199999094,1.43863232136,0.502000004053,1.43353984356
6,0.508399994373,1.36645594835,0.503999990225,1.404124403
7,0.528599995375,1.32368905544,0.462000006437,1.47397081852
8,0.527999998331,1.3170874095,0.541999983788,1.34718265533
9,0.564999998808,1.22238889575,0.559999996424,1.28137249947
10,0.57599999845,1.19418549538,0.580000007153,1.23272345066
11,0.585999999642,1.15537679553,0.542000001669,1.32280874252
12,0.587600002289,1.14808624983,0.548000013828,1.31507678032
13,0.604399997592,1.12406792998,0.586000001431,1.19344580173
14,0.622000000477,1.06976514578,0.574000012875,1.27441532612
15,0.624999995232,1.05038984656,0.562000000477,1.29848959446
16,0.626599997282,1.05372916579,0.599999988079,1.18933207989
17,0.630199998021,1.03809852004,0.567999994755,1.28111662865
18,0.644800002575,1.00728902102,0.6,1.19618022442
19,0.660799995661,0.972693166733,0.597999989986,1.1835154295
20,0.671400003433,0.929740452766,0.62199999094,1.1408865571
21,0.671799999475,0.930299099684,0.622000002861,1.15192584991
22,0.677400000095,0.90861322999,0.63599998951,1.12068822384
23,0.675800000429,0.911203628778,0.589999997616,1.17911894321
24,0.689400002956,0.882014291286,0.637999999523,1.13875837326
