epoch,acc,loss,val_acc,val_loss
0,0.211199998334,2.13433642626,0.248000001907,2.02300710678
1,0.271200000644,1.99293443441,0.282000005245,1.97560174465
2,0.316799998879,1.90424218178,0.342000007629,1.89734094143
3,0.342800000608,1.84300679684,0.348000001907,1.82038590908
4,0.370400000215,1.78724701643,0.380000001192,1.77485456467
5,0.396199997067,1.72485645771,0.404000002146,1.70369801521
6,0.417999996543,1.67933781862,0.426000005007,1.69554047585
7,0.419200000167,1.65719321489,0.418000000715,1.69030539989
8,0.425199998617,1.64837483883,0.407999998331,1.65653619766
9,0.438599997163,1.60682148457,0.415999990702,1.67306413651
10,0.445799999237,1.58028649807,0.43599998951,1.59568417072
11,0.458799996972,1.53368786097,0.459999996424,1.53273482323
12,0.464199996591,1.52493198395,0.46400000453,1.5243008852
13,0.485199996829,1.48214389086,0.50000000596,1.45291581154
14,0.501999996901,1.43710932493,0.511999994516,1.4237349987
15,0.517400001287,1.4098076725,0.486000001431,1.47334880829
16,0.535999994874,1.34785045147,0.523999994993,1.42871010303
17,0.527799992561,1.34618135691,0.504000002146,1.3504499197
18,0.537599993944,1.33034802675,0.549999988079,1.33294146061
19,0.556800003052,1.27068341255,0.525999993086,1.33601057529
20,0.568199992776,1.25544551611,0.563999986649,1.33155143261
21,0.555999997258,1.26793148994,0.570000004768,1.25331606865
22,0.59039999783,1.20913990974,0.569999992847,1.2850471735
23,0.586199997663,1.18242240906,0.574000000954,1.23487291336
24,0.605599999428,1.14039752364,0.570000004768,1.29566204548
