epoch,acc,loss,val_acc,val_loss
0,0.257400000244,2.04827568769,0.330000007153,1.89724929333
1,0.354199998379,1.81014576435,0.4,1.69394316673
2,0.376999998987,1.72108249664,0.443999993801,1.62193946838
3,0.436799998283,1.57659209251,0.478000003099,1.52073597908
4,0.45159999609,1.53961678743,0.497999995947,1.44150233269
5,0.493199996352,1.46109102726,0.517999988794,1.46345584393
6,0.525799996257,1.3752296257,0.53599999547,1.35198421478
7,0.550799998045,1.29294208288,0.529999995232,1.35188155174
8,0.575399993658,1.20863821864,0.517999988794,1.37253870964
9,0.608199999332,1.13606824636,0.537999999523,1.36224777699
10,0.616000003815,1.09737372398,0.548000001907,1.37107372284
11,0.640400000811,1.03016717672,0.537999987602,1.37620680332
12,0.685600004196,0.941514319181,0.521999996901,1.40647220612
13,0.69680000782,0.872158250809,0.543999993801,1.39062526226
14,0.720400002003,0.814788130522,0.523999994993,1.50971541405
15,0.746200004816,0.757346324921,0.524000000954,1.5775676012
16,0.767399995327,0.687586181164,0.493999987841,1.74028115273
17,0.789399998188,0.614034953117,0.546000003815,1.74170238972
18,0.811599998474,0.54265068531,0.513999998569,1.7678311348
19,0.842599999905,0.456785342693,0.509999996424,1.91398131847
20,0.84779999733,0.448515047431,0.558000004292,1.95347898006
21,0.874599997997,0.374691324234,0.521999996901,2.2395316124
22,0.891800000668,0.338114912808,0.515999996662,2.00999450684
23,0.906800000668,0.285371578634,0.530000001192,2.15392944813
24,0.916800000668,0.255248840153,0.511999994516,2.5091386795
