epoch,acc,loss,val_acc,val_loss
0,0.189000001028,2.16737978697,0.333999997377,1.94064383507
1,0.345200001597,1.82355652332,0.363999998569,1.75551319122
2,0.397399998307,1.69823784113,0.433999997377,1.61384489536
3,0.439399997592,1.60539555788,0.422000002861,1.6456250906
4,0.476999999285,1.50919170856,0.444000005722,1.65715332031
5,0.505799996257,1.44347545385,0.522000002861,1.41121528149
6,0.539599995613,1.34637335777,0.569999992847,1.3249935627
7,0.560199996829,1.26545148492,0.558000004292,1.33970310688
8,0.58059999764,1.22205247641,0.562000000477,1.3255507946
9,0.590999997854,1.18731389999,0.563999992609,1.33108534813
10,0.636800000668,1.07124278545,0.582000005245,1.30780650377
11,0.646400002241,1.02991503119,0.624000000954,1.24497144222
12,0.680800002813,0.936200441122,0.580000007153,1.29512240887
13,0.694000000954,0.912512023449,0.588000011444,1.33473126888
14,0.717999999523,0.833876209259,0.583999991417,1.3997895956
15,0.747600002289,0.753850187063,0.555999994278,1.42394871712
16,0.767999998331,0.67311044693,0.565999996662,1.45473988056
17,0.792799999714,0.606807966232,0.57199999094,1.52459180355
18,0.811199998856,0.560938680172,0.558000010252,1.65176002979
19,0.820999993086,0.52296092093,0.577999997139,1.60496098995
20,0.837400001287,0.466066675782,0.577999985218,1.67755529881
21,0.867000001669,0.393366783261,0.575999999046,1.78588101864
22,0.881600000858,0.354202574193,0.559999996424,1.9632781744
23,0.902600003481,0.307459068596,0.584000003338,1.89289460182
24,0.909800003767,0.279028656185,0.584000003338,2.12574448586
