epoch,acc,loss,val_acc,val_loss
0,0.184600000232,2.1874413085,0.25,2.03478710651
1,0.280200000703,1.98662466764,0.296000006795,1.96995713711
2,0.314800001681,1.92740421772,0.348000001907,1.8494699955
3,0.362800001502,1.81933503866,0.407999998331,1.7100935936
4,0.409399997592,1.70322159529,0.404000002146,1.69650301933
5,0.419799997211,1.64860307693,0.442000001669,1.64359734058
6,0.429799998403,1.62390960693,0.451999998093,1.61270215511
7,0.462199997902,1.55809674978,0.501999986172,1.56364541054
8,0.476399998665,1.5096444726,0.505999994278,1.52444140911
9,0.494799997211,1.46013993979,0.506000006199,1.48125886917
10,0.515999996066,1.39552808285,0.501999998093,1.44860787392
11,0.536199999452,1.3658095789,0.524000000954,1.40294616222
12,0.545199999809,1.32004543781,0.533999991417,1.37752058506
13,0.556199995875,1.292999506,0.533999997377,1.36111741066
14,0.561199996471,1.2494288075,0.556000000238,1.29997963905
15,0.564999996424,1.25521610975,0.586000001431,1.28803031445
16,0.580399999022,1.20411492229,0.549999988079,1.30853538513
17,0.595999999642,1.17209164739,0.555999988317,1.33038384914
18,0.593599996567,1.16518630624,0.567999994755,1.28671734333
19,0.597200000882,1.16310862184,0.574000000954,1.29997820854
20,0.605399998426,1.11864093781,0.592000007629,1.23703377247
21,0.625000001192,1.09422761679,0.576000010967,1.29046778679
22,0.634000000954,1.06322256446,0.586000001431,1.26606326103
23,0.632800002098,1.04720337629,0.591999995708,1.26735501289
24,0.638599997759,1.02899418235,0.593999993801,1.25808897018
