epoch,acc,loss,val_acc,val_loss
0,0.133600000478,2.32069972038,0.206000003219,2.17472057343
1,0.234400000274,2.09154426813,0.310000008345,1.95100514889
2,0.337600001693,1.86044052362,0.375999993086,1.7990234375
3,0.402999999523,1.7034882617,0.425999993086,1.72161989212
4,0.442199997306,1.61510652542,0.441999995708,1.61087441444
5,0.475599995255,1.51643911839,0.461999994516,1.56379189491
6,0.494599995613,1.443879776,0.455999988317,1.55134932995
7,0.531599998474,1.35416982889,0.483999997377,1.51204736233
8,0.555799995661,1.28691764832,0.491999995708,1.53698801994
9,0.583799999356,1.22249938607,0.497999989986,1.4819476366
10,0.604999997616,1.15533005953,0.513999998569,1.43723459244
11,0.640000001192,1.05333387494,0.554000008106,1.44831597805
12,0.661600000858,0.985872446299,0.537999987602,1.42080125809
13,0.677000006437,0.950774182081,0.524000000954,1.55406725407
14,0.712200003862,0.850242699385,0.560000002384,1.47578556538
15,0.727599995136,0.8006660676,0.520000004768,1.50317625999
16,0.746599997282,0.719766961336,0.541999995708,1.59271538258
17,0.772599999905,0.667806802392,0.541999995708,1.60364403725
18,0.792199999094,0.59540525794,0.590000009537,1.54638781548
19,0.798599998951,0.58659711659,0.577999985218,1.6383711338
20,0.841799998283,0.483320661187,0.570000004768,1.65702581406
21,0.860599998236,0.4311958915,0.53599998951,1.87811589241
22,0.849799997807,0.443867696822,0.553999996185,1.80879929066
23,0.881199998856,0.372912779748,0.561999988556,1.9725777626
24,0.899000002146,0.309275353551,0.562000000477,2.07191295624
