epoch,acc,loss,val_acc,val_loss
0,0.198000000119,2.11771739244,0.248000001907,1.98328197002
1,0.281400000155,1.94366732121,0.312000000477,1.89231126308
2,0.339800001085,1.8303191185,0.360000002384,1.75303087234
3,0.403399997354,1.69332957983,0.453999996185,1.61250762939
4,0.432999997735,1.61163457394,0.447999995947,1.55425577164
5,0.461399995089,1.53914745331,0.5,1.50757229328
6,0.478999996185,1.48885123491,0.493999993801,1.4930583477
7,0.494399995804,1.44984177351,0.513999980688,1.46684982777
8,0.507599998713,1.40754314184,0.516000002623,1.46503992081
9,0.514999996424,1.39641506195,0.546000003815,1.385962677
10,0.526599995494,1.34936906338,0.531999999285,1.37347111702
11,0.543800002337,1.31210980415,0.543999993801,1.38806922436
12,0.546199997663,1.2885808444,0.553999996185,1.36417610645
13,0.557400000095,1.25991547108,0.545999991894,1.36005802155
14,0.54879999876,1.26169430733,0.550000011921,1.35825936794
15,0.574199997187,1.21713330388,0.54399998188,1.32987313271
16,0.573599995375,1.21043310642,0.55799998045,1.34743216038
17,0.587199996114,1.16154482484,0.57199999094,1.342131567
18,0.602999999523,1.13104321361,0.575999999046,1.31550865173
19,0.604599993229,1.11647384405,0.580000007153,1.28374693394
20,0.615599999428,1.09528538704,0.591999995708,1.28283765316
21,0.624400001764,1.07387816191,0.593999993801,1.27184410095
22,0.636000001431,1.05494832754,0.572000002861,1.29499564171
23,0.638200000525,1.03011457443,0.589999997616,1.32260844707
24,0.644200000167,1.0187834537,0.581999993324,1.29330849648
