epoch,acc,loss,val_acc,val_loss
0,0.153799998835,2.23889532566,0.203999999166,2.14950885773
1,0.233399999142,2.10535372734,0.237999999523,2.0653260231
2,0.285400001705,2.00778031349,0.302000001073,1.99708197117
3,0.336600000858,1.89466166019,0.346000003815,1.9047344923
4,0.378199998736,1.7831398797,0.343999999762,1.85429997444
5,0.386599998474,1.7616364646,0.375999999046,1.81650550365
6,0.408399999738,1.69133427858,0.370000004768,1.80778307915
7,0.430999996066,1.64531894922,0.390000003576,1.79187121391
8,0.44340000093,1.61084852457,0.397999995947,1.75871419907
9,0.437999995947,1.59368352652,0.41400000453,1.71791725159
10,0.458999997377,1.54449745655,0.408000004292,1.68583989143
11,0.466599996686,1.51604867697,0.413999998569,1.73369326591
12,0.470599996448,1.5170584631,0.417999994755,1.71049370766
13,0.494999998212,1.44916701317,0.462000000477,1.6295571804
14,0.504799997211,1.43892724514,0.423999994993,1.66915733814
15,0.510199998021,1.41460737228,0.434000009298,1.61390047073
16,0.530200002193,1.36984152794,0.422000002861,1.68327000141
17,0.530999997258,1.35660349369,0.44999999404,1.62496480942
18,0.54059999764,1.32236436605,0.457999992371,1.66842951775
19,0.542399999499,1.31709974527,0.45000000596,1.57892272472
20,0.561399993896,1.27400173664,0.465999990702,1.59749572277
21,0.560999997258,1.25823179007,0.473999994993,1.63993153572
22,0.579199997187,1.22576994181,0.501999998093,1.5370164156
23,0.589599996209,1.20235359907,0.490000003576,1.60140969753
24,0.580600001812,1.20598317981,0.480000001192,1.57768993378
