epoch,acc,loss,val_acc,val_loss
0,0.233999999613,2.08553530693,0.374000000954,1.8736552
1,0.341800002158,1.81476876736,0.360000002384,1.77158241272
2,0.386799998879,1.71123876572,0.395999997854,1.69568691254
3,0.412999998331,1.64013578176,0.403999996185,1.66741232872
4,0.443999997973,1.55246859312,0.482000005245,1.53555431366
5,0.484399998188,1.46375884771,0.478000003099,1.56500339508
6,0.504599997401,1.42085611582,0.497999989986,1.47485961914
7,0.527999998927,1.35383368015,0.479999995232,1.4519515276
8,0.556200000644,1.29003233433,0.527999997139,1.38027293682
9,0.56619999826,1.25918940067,0.56400001049,1.28337814808
10,0.583000003099,1.2071414423,0.575999999046,1.3310561657
11,0.592800000906,1.19346812487,0.567999994755,1.31737556458
12,0.588199995756,1.18315670609,0.601999998093,1.23346004486
13,0.619200000763,1.1187015605,0.610000002384,1.20576560497
14,0.638800002337,1.06578789949,0.601999998093,1.21813466549
15,0.638199996948,1.06251762509,0.618000006676,1.16003148556
16,0.645799996853,1.03598426342,0.608000004292,1.20833654404
17,0.656600000858,1.01467140913,0.62199999094,1.14802310467
18,0.655800002813,0.994050898552,0.608000004292,1.19061672688
19,0.66819999814,0.977493308783,0.645999991894,1.09379441738
20,0.683399996758,0.950009843111,0.629999995232,1.11312594414
21,0.682000002861,0.925635359287,0.632000005245,1.12852629423
22,0.694800007343,0.900672315359,0.625999999046,1.12283420563
23,0.704999998808,0.871522737741,0.637999999523,1.11730692387
24,0.703399999142,0.860857416391,0.642000007629,1.09399291277
