epoch,acc,loss,val_acc,val_loss
0,0.212000000104,2.08013528585,0.25,1.94836769104
1,0.316000000536,1.85913363695,0.342000001669,1.87107505798
2,0.344200001359,1.78969196081,0.370000004768,1.79644875526
3,0.384999998808,1.70397531033,0.387999999523,1.72144656181
4,0.415399999022,1.62882856607,0.375999999046,1.73550240993
5,0.45719999969,1.55869563341,0.460000002384,1.5942494154
6,0.486799998283,1.47318056822,0.424000000954,1.57530009747
7,0.502599996328,1.42396982193,0.483999997377,1.52128968239
8,0.514800000191,1.39378241301,0.454000002146,1.51889057159
9,0.53059999764,1.35795106649,0.507999992371,1.40250248909
10,0.534399997592,1.33960802794,0.480000001192,1.44451248646
11,0.55059999764,1.29714898586,0.513999998569,1.39586462975
12,0.56,1.27502305984,0.520000004768,1.38435082436
13,0.566799996495,1.24437674284,0.531999999285,1.31747047901
14,0.57759999752,1.23813649893,0.534000003338,1.33163466454
15,0.569399997592,1.23012337208,0.555999988317,1.30386757851
16,0.580799998045,1.19300158739,0.551999992132,1.27517271042
17,0.590199999213,1.17658289909,0.547999984026,1.27070798874
18,0.60680000186,1.1364657259,0.547999995947,1.27110877037
19,0.618400000334,1.12382876039,0.55,1.23677427769
20,0.610800003409,1.11545396805,0.518000000715,1.33991136551
21,0.613399999142,1.12247783542,0.572000002861,1.23139318228
22,0.627999997139,1.07822984219,0.551999986172,1.25759596825
23,0.633599997759,1.05903954148,0.547999995947,1.22662136555
24,0.63160000205,1.04666734695,0.569999992847,1.24648854733
