epoch,acc,loss,val_acc,val_loss
0,0.153999999985,2.31483050108,0.256000000238,2.09892601967
1,0.261200001538,2.07532626152,0.294000005722,1.98658554554
2,0.335400004089,1.91879490614,0.334000006318,1.96545829773
3,0.374199998379,1.83547531843,0.312000000477,1.92027552128
4,0.382400000691,1.81400556087,0.369999998808,1.87232255936
5,0.427799996138,1.69735953569,0.382000005245,1.73286049366
6,0.449999995828,1.62058226347,0.412000000477,1.74895837307
7,0.473199995756,1.54827025414,0.424000000954,1.69734668732
8,0.502599998713,1.46264324188,0.445999991894,1.63887450695
9,0.531399995685,1.39078955173,0.425999999046,1.73646011353
10,0.543599997759,1.36153550863,0.426000005007,1.66862201691
11,0.57339999795,1.26534661174,0.437999993563,1.68354065418
12,0.599599999785,1.18576864719,0.477999997139,1.60589642525
13,0.626999999285,1.11576235652,0.467999994755,1.67134728432
14,0.649800006151,1.04090289831,0.467999994755,1.63556275368
15,0.673800004721,0.972958232164,0.474000000954,1.76228134632
16,0.689600002766,0.907427837849,0.461999988556,1.72855746746
17,0.719400005341,0.844810048342,0.441999995708,1.86621315479
18,0.727599999905,0.800385789871,0.462000006437,1.90854046345
19,0.763399999142,0.697624970675,0.480000001192,1.89711322784
20,0.783599996567,0.650601518154,0.461999994516,1.99616217613
21,0.807799994946,0.567416039109,0.488000005484,2.05175955296
22,0.839399996996,0.490166041851,0.474000000954,2.19276480675
23,0.842000001669,0.461826525927,0.48599999547,2.23207957745
24,0.871599999666,0.386667483151,0.468000000715,2.38982787132
