epoch,acc,loss,val_acc,val_loss
0,0.272400000244,2.02326924801,0.326000005007,1.92586934566
1,0.38219999969,1.75313965082,0.415999996662,1.68754425049
2,0.451199997067,1.59426873207,0.467999994755,1.56051123142
3,0.483599996567,1.47225784779,0.495999997854,1.53533403873
4,0.513799994588,1.39691400528,0.469999986887,1.57387356758
5,0.55259999752,1.310513134,0.495999997854,1.53772492409
6,0.560200000405,1.28857416391,0.518000000715,1.46738984585
7,0.587999997139,1.20614746332,0.52199999094,1.47862961292
8,0.608199997544,1.15535008192,0.539999985695,1.40571966171
9,0.629600001574,1.08939383745,0.502000010014,1.52848322392
10,0.654400001764,1.02004714966,0.515999990702,1.41847753525
11,0.666199997663,0.983809740543,0.558000004292,1.40115225315
12,0.675600001812,0.938099273443,0.553999996185,1.49035813808
13,0.691000000238,0.888447729349,0.539999985695,1.5223013401
14,0.712000000477,0.842719380856,0.506000000238,1.56384592056
15,0.733200000525,0.7767989254,0.552000010014,1.64592087269
16,0.751399997473,0.723925101757,0.539999985695,1.62613227367
17,0.763199994564,0.672976149917,0.549999988079,1.65177457333
18,0.781599997282,0.625729349256,0.551999998093,1.67357692719
19,0.798199995756,0.581350387931,0.529999995232,1.80930957794
20,0.815400000811,0.545952427983,0.523999994993,1.83906223774
21,0.812199997902,0.552837465405,0.568000018597,1.89087560177
22,0.83379999876,0.481908935308,0.537999987602,2.00998494625
23,0.859999995232,0.419449570179,0.548000001907,2.02833151817
24,0.874200000763,0.364464171529,0.533999979496,2.18501217365
