epoch,acc,loss,val_acc,val_loss
0,0.216400000975,2.11648933887,0.315999996662,1.90380227566
1,0.343600000441,1.84998715878,0.380000001192,1.79409792423
2,0.379600000978,1.77080917597,0.371999996901,1.73872499466
3,0.408799999356,1.70851240396,0.427999997139,1.65803301334
4,0.446599997282,1.59286891937,0.429999995232,1.63453302383
5,0.472399994135,1.54753341436,0.481999993324,1.5270483017
6,0.486799998283,1.48968230247,0.513999998569,1.47825129032
7,0.519999999404,1.41669218779,0.491999989748,1.45330369473
8,0.533599993587,1.36712579727,0.49999999404,1.44413948059
9,0.551599995494,1.32085332394,0.493999999762,1.44949653149
10,0.546999994516,1.31040439844,0.541999983788,1.37613224983
11,0.56840000093,1.27096265554,0.537999993563,1.33343684673
12,0.574200000763,1.23442251205,0.563999986649,1.30965306759
13,0.590399999619,1.20919214725,0.566000008583,1.30544462204
14,0.596599999666,1.18296876788,0.537999999523,1.30717980862
15,0.590799998045,1.18789794445,0.565999984741,1.29048287868
16,0.600599995852,1.15910297155,0.589999997616,1.23675296307
17,0.616599999666,1.12791439414,0.596000003815,1.27158253193
18,0.62120000124,1.10954175353,0.606000006199,1.22056238651
19,0.622799996138,1.10785154939,0.577999997139,1.23571135998
20,0.619200003147,1.09131001353,0.605999994278,1.25201325417
21,0.640399999619,1.05997804999,0.603999996185,1.18464019299
22,0.645000002384,1.03196482062,0.605999994278,1.26302237511
23,0.653400001526,1.00346179128,0.615999996662,1.17386724949
24,0.655799999237,1.00284325838,0.586000001431,1.23353374004
