epoch,acc,loss,val_acc,val_loss
0,0.130399999991,2.26105907917,0.133999998868,2.25219707489
1,0.197600000501,2.13624144554,0.229999998212,2.04209918976
2,0.251799999774,2.03023507595,0.278000000119,1.99826583862
3,0.298000003397,1.93112461805,0.340000003576,1.87728805542
4,0.332000001967,1.8495943284,0.348000001907,1.80424697399
5,0.357000003457,1.7765156436,0.383999997377,1.76043307781
6,0.385199998617,1.72566408396,0.402000004053,1.68284163475
7,0.40779999733,1.66991450071,0.425999999046,1.65593602657
8,0.431399996877,1.60687231302,0.39999999404,1.62010369301
9,0.463399998546,1.54513359308,0.407999998331,1.59073112011
10,0.466999997497,1.51673685789,0.421999996901,1.59938466549
11,0.485199999809,1.48880976915,0.456000006199,1.526796031
12,0.507399995923,1.43747267485,0.471999996901,1.49646267891
13,0.514199995995,1.40999926329,0.481999993324,1.4822337389
14,0.526799994707,1.37825766802,0.475999993086,1.4820763588
15,0.534999997616,1.35212674379,0.45000000596,1.48964631557
16,0.543999994993,1.3279600215,0.474000000954,1.48780481815
17,0.551199995279,1.31986793518,0.463999992609,1.46800627708
18,0.554399998784,1.29771521807,0.454000002146,1.50744245052
19,0.562799990773,1.27878958464,0.495999991894,1.45162348747
20,0.574800000787,1.24263338089,0.481999993324,1.44749290943
21,0.568399999738,1.24876540422,0.489999985695,1.45231423378
22,0.573999998569,1.22394457221,0.482000005245,1.44441788197
23,0.578600000739,1.21471085906,0.487999993563,1.51259145737
24,0.600999997258,1.16974877715,0.459999990463,1.47907934189
