epoch,acc,loss,val_acc,val_loss
0,0.126400000006,2.2942907238,0.193999999762,2.23511443138
1,0.22279999882,2.16292412758,0.243999996781,2.11994485855
2,0.274800001085,2.06831584215,0.268000000715,2.06437857151
3,0.31500000149,1.96917643785,0.336000001431,1.94970829487
4,0.347999998927,1.87609459877,0.312000003457,1.93525812626
5,0.368200002313,1.80817869902,0.353999990225,1.87253386974
6,0.389799998999,1.76083992243,0.344000005722,1.86768658161
7,0.408600000143,1.70657436371,0.383999997377,1.81478087902
8,0.431999996901,1.66477991343,0.398000001907,1.78455002308
9,0.445999997854,1.62073293209,0.428000003099,1.78020100594
10,0.453399999738,1.59186789274,0.418000000715,1.77197737694
11,0.463599997163,1.56460527658,0.433999997377,1.73536918163
12,0.472799997926,1.53590274334,0.413999998569,1.78044071198
13,0.473999994993,1.53992138147,0.440000003576,1.68955869675
14,0.495199995637,1.48576143742,0.442000001669,1.68359363079
15,0.499399994612,1.45952387571,0.423999994993,1.69242844582
16,0.503999993205,1.44063602686,0.443999999762,1.67684640884
17,0.514399995804,1.41059834719,0.465999996662,1.6159791708
18,0.524599996209,1.3951282692,0.460000002384,1.64700789452
19,0.542199996114,1.35718220949,0.487999999523,1.6619705677
20,0.550000001788,1.33163099051,0.481999987364,1.69091300964
21,0.544199997783,1.32061974525,0.481999993324,1.63416688442
22,0.552999995947,1.3156833148,0.467999994755,1.66890230179
23,0.567399999499,1.27968284845,0.457999998331,1.68088152409
24,0.572600001693,1.2631618309,0.481999981403,1.66634414196
