epoch,acc,loss,val_acc,val_loss
0,0.171800000668,2.20206822872,0.245999997854,2.05512194633
1,0.246800000966,2.04542066336,0.269999998808,1.93735444546
2,0.312400000095,1.88855605364,0.372000002861,1.76828217506
3,0.369199999571,1.75437849283,0.418000000715,1.63813591003
4,0.412799998522,1.6541298151,0.45000000596,1.58485968113
5,0.446799995303,1.56215502739,0.486000001431,1.50603909492
6,0.479999998212,1.51134728193,0.496000003815,1.48881349564
7,0.497400000095,1.43102879047,0.495999991894,1.45206618309
8,0.510199998021,1.39669471025,0.481999999285,1.49690043926
9,0.530199998021,1.35423574448,0.491999989748,1.42777411938
10,0.5493999964,1.31129045248,0.528000003099,1.3487950325
11,0.568200001121,1.2722912097,0.533999997377,1.34295129776
12,0.567199995518,1.24254080892,0.52199998498,1.33203909397
13,0.575799996853,1.2253646493,0.561999988556,1.26928012371
14,0.593199999928,1.19653878927,0.517999994755,1.33710362911
15,0.599600000978,1.16746637225,0.523999994993,1.3396566391
16,0.609199998379,1.13976666451,0.572000002861,1.24682841301
17,0.625999999046,1.10148444414,0.596000003815,1.22552030087
18,0.610599999428,1.09262890458,0.543999993801,1.2523904562
19,0.633399999142,1.06959252,0.579999995232,1.22114200592
20,0.633400001526,1.05743321657,0.574000012875,1.23418574333
21,0.650599999428,1.02081732273,0.556000012159,1.29159538746
22,0.647200000286,1.01885488987,0.563999998569,1.26400363445
23,0.648000004292,1.01553102374,0.548000001907,1.28511555195
24,0.664400005341,0.968741217852,0.601999986172,1.21735963821
