epoch,acc,loss,val_acc,val_loss
0,0.198000000045,2.18482650995,0.286000004411,1.99643099308
1,0.321000001729,1.94076164246,0.362000000477,1.88590416908
2,0.361600002646,1.82930145979,0.380000001192,1.78342213631
3,0.404000000358,1.7364277792,0.401999998093,1.75758090019
4,0.433999999762,1.64755040646,0.43599999547,1.6611225605
5,0.468599993587,1.55649816751,0.465999996662,1.59729204178
6,0.474199996591,1.52703033686,0.479999995232,1.57905714512
7,0.493399994969,1.47436273098,0.48599998951,1.55304830074
8,0.515799999833,1.42421498537,0.513999992609,1.4576769352
9,0.528599995375,1.38210544109,0.526000010967,1.42775523663
10,0.54680000186,1.32672879219,0.539999991655,1.40395593643
11,0.566799995303,1.2767731452,0.55799998641,1.34352333546
12,0.570799998045,1.24560024261,0.56400000453,1.32154326439
13,0.594600000381,1.1967893827,0.568000006676,1.35632154942
14,0.599799994826,1.18126010895,0.577999997139,1.29208900928
15,0.618600001931,1.12562232018,0.595999991894,1.25109362602
16,0.626599998474,1.09208457708,0.592000007629,1.25300383568
17,0.638999999762,1.06978792787,0.610000014305,1.20249714851
18,0.652400000095,1.02799680352,0.610000014305,1.20276067257
19,0.65939999938,1.00083015442,0.601999998093,1.20313289165
20,0.666400003433,0.990126389265,0.610000002384,1.17821273804
21,0.677400001287,0.945682592392,0.622000002861,1.19995617867
22,0.684599999189,0.935791146755,0.624000012875,1.17527341843
23,0.686600004435,0.919711436033,0.613999998569,1.17467393875
24,0.688000004292,0.905948553085,0.606000006199,1.20999143124
