epoch,acc,loss,val_acc,val_loss
0,0.131599999666,2.25852349281,0.178000000119,2.15822477341
1,0.202399998754,2.13602766275,0.236000004411,2.04922029972
2,0.25439999938,2.04403362274,0.274000003934,1.98671393394
3,0.303800000846,1.95030680418,0.328000003099,1.87777676582
4,0.367599996328,1.85165705681,0.394000005722,1.74711537361
5,0.401800000668,1.74020579576,0.375999999046,1.78482651711
6,0.423999998569,1.67852639675,0.459999996424,1.59655880928
7,0.46279999733,1.58406149626,0.440000003576,1.58570363522
8,0.483999999166,1.537751441,0.488000005484,1.51455624104
9,0.495199998021,1.50696729898,0.481999993324,1.5234033823
10,0.508399992585,1.46532295942,0.43599999547,1.55538005829
11,0.524599997401,1.4232816124,0.483999997377,1.47039172649
12,0.530600001216,1.39058329821,0.481999993324,1.47455351353
13,0.549999995828,1.34687950134,0.497999995947,1.44062035084
14,0.555799997449,1.33587067604,0.481999999285,1.48258411884
15,0.561999999881,1.30340703726,0.489999997616,1.45650155544
16,0.576799994707,1.26018131256,0.502000004053,1.40774099827
17,0.588399992585,1.23178775907,0.481999987364,1.53849215508
18,0.597600005865,1.22777484655,0.52199999094,1.39605531693
19,0.605199997425,1.18209889293,0.519999992847,1.39056773186
20,0.622000000477,1.13461347222,0.524000000954,1.39471786022
21,0.629799995422,1.11979555726,0.527999991179,1.35865712166
22,0.618000000715,1.11324331284,0.528000003099,1.36153814793
23,0.637999998331,1.08067793846,0.527999991179,1.37379984856
24,0.658599998951,1.02901941061,0.55000000596,1.32390239239
