epoch,acc,loss,val_acc,val_loss
0,0.144600000456,2.26089398384,0.155999998748,2.21332111359
1,0.245799999237,2.12898967266,0.224000000954,2.1130266428
2,0.283600000441,2.0497059083,0.298000004888,2.00748813152
3,0.314200003743,1.96172999859,0.321999999881,1.92566409111
4,0.357599998415,1.8590327692,0.375999999046,1.87243440151
5,0.37659999907,1.81996593952,0.390000003576,1.83021979332
6,0.401999998689,1.74679588318,0.395999985933,1.76613941193
7,0.409199997783,1.70389820576,0.407999998331,1.73255207539
8,0.437599998116,1.64701883793,0.433999997377,1.68087210655
9,0.439599999189,1.62909964323,0.45000000596,1.66259744167
10,0.449799997211,1.58568210363,0.418000000715,1.65521354675
11,0.474200000167,1.5374741292,0.437999999523,1.60056483746
12,0.482399998307,1.51116194248,0.448000001907,1.62451498508
13,0.500999999642,1.47516122818,0.45000000596,1.580879879
14,0.503799994588,1.44737758875,0.473999989033,1.53883543015
15,0.50719999671,1.44874557495,0.463999998569,1.56262431145
16,0.520999994278,1.39057077646,0.461999994516,1.56461489201
17,0.542399997711,1.35870811224,0.504000002146,1.50316820145
18,0.541399996281,1.34791018248,0.470000004768,1.53288576603
19,0.552999994755,1.31740406275,0.517999994755,1.446773839
20,0.555599997044,1.29540461302,0.489999985695,1.44617538452
21,0.554599996805,1.28226722717,0.5,1.49386789799
22,0.574999995232,1.25466217279,0.531999993324,1.44294316769
23,0.583200001121,1.2195761764,0.487999987602,1.4869343996
24,0.586800000668,1.20534507275,0.515999996662,1.42746655941
