epoch,acc,loss,val_acc,val_loss
0,0.156000000611,2.20937877893,0.273999997973,2.04527003765
1,0.276800002456,1.9931701231,0.297999995947,1.94438047409
2,0.344800001979,1.84165519953,0.363999998569,1.77964470387
3,0.395400000811,1.69687220812,0.391999995708,1.71778378487
4,0.440199998617,1.59844219446,0.42800000906,1.63017420769
5,0.458799996972,1.54151411772,0.446000003815,1.55928707123
6,0.483999996781,1.47753369331,0.466000002623,1.57005550861
7,0.495799998045,1.43689006567,0.469999992847,1.51354758739
8,0.519999994636,1.4054564023,0.495999985933,1.44287950993
9,0.529799996614,1.35505898952,0.504000002146,1.4552749157
10,0.521799995899,1.35977474928,0.486000007391,1.47743282318
11,0.542199996114,1.3228078413,0.497999995947,1.41917812824
12,0.553799999356,1.28399523973,0.530000001192,1.38758261204
13,0.540599996448,1.29500648022,0.518000006676,1.39026463032
14,0.57159999609,1.24259963512,0.529999995232,1.37543809414
15,0.56939999938,1.2371065259,0.541999995708,1.33710463047
16,0.570399997234,1.2314300251,0.54399998188,1.33359396458
17,0.58560000062,1.18030313611,0.565999984741,1.32105190754
18,0.595799996257,1.15948482513,0.555999994278,1.32645525932
19,0.598399995565,1.13735872388,0.541999989748,1.37092044353
20,0.618399999142,1.1180710578,0.531999999285,1.33562713861
21,0.613599998355,1.11470024943,0.541999989748,1.38555812836
22,0.620199998617,1.09204930902,0.53599999547,1.37469789982
23,0.634400004148,1.06802314639,0.527999997139,1.36238263845
24,0.640200002193,1.03638492703,0.56400001049,1.31463848352
