epoch,acc,loss,val_acc,val_loss
0,0.156000001207,2.22967263222,0.204000002146,2.15631661415
1,0.229399998486,2.13328965664,0.207999998331,2.11686758995
2,0.263400000334,2.06283889532,0.231999999285,2.1050450325
3,0.285200001001,2.02083226204,0.251999998093,2.0328597784
4,0.298400002718,1.98350450277,0.297999995947,1.98379063606
5,0.314600002766,1.93238027334,0.322000002861,1.9653727293
6,0.332000000775,1.89033458471,0.329999995232,1.86640930176
7,0.344600001872,1.84685474873,0.345999997854,1.82400531769
8,0.364200001359,1.78732177496,0.368000000715,1.79274609089
9,0.380799997151,1.74297770739,0.407999998331,1.73613667488
10,0.400000001192,1.70581830502,0.4,1.69926400185
11,0.411799997687,1.67782058716,0.392000001669,1.72773373127
12,0.434199997783,1.62636956692,0.410000002384,1.69888973236
13,0.446599997878,1.59608799934,0.425999993086,1.68997609615
14,0.436200000048,1.58807137489,0.433999997377,1.65563480854
15,0.457399997711,1.55515712023,0.422000002861,1.68730566502
16,0.478399997354,1.52968383074,0.443999993801,1.65711092949
17,0.48099999547,1.4939820528,0.434000003338,1.6992762804
18,0.479200000763,1.48923229933,0.439999997616,1.64728283882
19,0.504999997616,1.42599658728,0.463999998569,1.64646306038
20,0.512199994326,1.39833687782,0.427999997139,1.65912208557
21,0.52719999969,1.38135257721,0.458000004292,1.62354609966
22,0.528399998546,1.35899808884,0.462000000477,1.67318334579
23,0.53539999783,1.33451388121,0.446000003815,1.64486458302
24,0.539399998188,1.31631514549,0.419999998808,1.68631391525
