epoch,acc,loss,val_acc,val_loss
0,0.193799998686,2.17559310198,0.259999999404,2.04429898262
1,0.283200002909,1.99791209698,0.322000002861,1.918714118
2,0.338400001824,1.8773969698,0.369999998808,1.82068872452
3,0.37940000236,1.78755008698,0.382000005245,1.76561923027
4,0.416399996281,1.70535196543,0.413999992609,1.69065871239
5,0.434999997616,1.64681449175,0.421999996901,1.63992545605
6,0.455799995661,1.5950091958,0.421999996901,1.63731091022
7,0.456599998474,1.57098504305,0.44999999404,1.60233445168
8,0.481799997687,1.525001688,0.453999996185,1.56852989197
9,0.497399998307,1.46378450871,0.45,1.54596495628
10,0.499599996209,1.45135080576,0.478000003099,1.54332802296
11,0.515599995255,1.39402607203,0.46400000453,1.56557478905
12,0.522599996328,1.37825479507,0.503999984264,1.4995136261
13,0.544999992847,1.3272855711,0.50000000596,1.45186297894
14,0.545199998021,1.321085217,0.519999986887,1.45532274246
15,0.560199997425,1.27868303061,0.524000000954,1.43286054134
16,0.571399996877,1.25757071972,0.531999999285,1.4344823122
17,0.572799998522,1.23437528133,0.525999993086,1.40957176685
18,0.592600001097,1.19546255469,0.521999996901,1.40741493702
19,0.602200000882,1.17737154245,0.541999995708,1.40546970367
20,0.597000000477,1.18491449594,0.522000002861,1.4174394846
21,0.615799998641,1.11505674601,0.527999985218,1.37462947369
22,0.617600001097,1.09957378268,0.531999993324,1.40962717533
23,0.635199995041,1.06569379807,0.555999982357,1.38442013264
24,0.642599999905,1.04513154268,0.560000002384,1.38205783367
