epoch,acc,loss,val_acc,val_loss
0,0.156399999857,2.22440336227,0.242000001669,2.14277858734
1,0.255400002003,2.09557193518,0.271999999881,2.04110200405
2,0.30460000217,1.98118134737,0.288000008464,2.00184085369
3,0.303000001013,1.95864334345,0.3,1.98372921944
4,0.318400000334,1.92947452784,0.313999998569,1.93225262165
5,0.349799999595,1.86514229774,0.319999998808,1.94913470745
6,0.370799999833,1.82640672922,0.345999997854,1.86405892372
7,0.384999999404,1.77534079552,0.374000000954,1.82961130142
8,0.412599996924,1.70849967957,0.377999997139,1.78566501141
9,0.436399999261,1.63685011387,0.409999996424,1.72917490005
10,0.45039999485,1.58425885916,0.374000000954,1.73725395203
11,0.470999996662,1.54390777588,0.433999991417,1.68950285912
12,0.47719999969,1.52352734089,0.433999997377,1.71201200485
13,0.505599997044,1.46166734219,0.430000001192,1.67283082008
14,0.515199999809,1.43584389448,0.443999993801,1.65747299194
15,0.52819999516,1.39557745457,0.443999993801,1.63680505753
16,0.543199995756,1.35018754482,0.48599999547,1.60168004036
17,0.556599994898,1.31916182995,0.433999997377,1.63619129658
18,0.553199993968,1.3082504487,0.424000000954,1.62495713234
19,0.572599999905,1.25557426214,0.47199999094,1.61251277924
20,0.574199994802,1.25891000986,0.495999997854,1.5479575634
21,0.590599997044,1.22135880113,0.467999994755,1.63484077454
22,0.587999999523,1.21016499162,0.477999997139,1.59129235744
23,0.590999996662,1.18976839304,0.468000000715,1.58746352196
24,0.602000001073,1.18144459128,0.459999996424,1.60403137207
