epoch,acc,loss,val_acc,val_loss
0,0.230800001025,2.06291146278,0.284000003338,1.86354973316
1,0.309200001657,1.86180725098,0.321999996901,1.81325724125
2,0.323400001228,1.82731703281,0.337999999523,1.80103178024
3,0.355800001919,1.76848240137,0.346000003815,1.74523849487
4,0.402399997711,1.6777755475,0.398000001907,1.67793545723
5,0.431799994707,1.59599538326,0.413999992609,1.59816462994
6,0.445799997449,1.54878392458,0.407999998331,1.60697102547
7,0.478799999356,1.47928091526,0.445999997854,1.55710802078
8,0.49219999373,1.42787256241,0.45,1.51237535477
9,0.491399995089,1.43100548744,0.493999993801,1.45015051365
10,0.519799996614,1.36526464701,0.517999994755,1.42138850689
11,0.542599998116,1.30920828104,0.488000005484,1.51324543953
12,0.554199998975,1.26661376238,0.523999994993,1.41209080219
13,0.574599996805,1.2266735816,0.505999988317,1.39313004017
14,0.585199996829,1.19230978966,0.540000003576,1.34751312733
15,0.595399996042,1.15516308308,0.53599999547,1.32626066208
16,0.60759999752,1.14080932736,0.542000007629,1.31692178249
17,0.617200001478,1.089922328,0.562000000477,1.29520094395
18,0.640200001001,1.06848638058,0.503999996185,1.33860857487
19,0.634200003147,1.05205060244,0.577999997139,1.22963101864
20,0.650200004578,1.01233019471,0.571999996901,1.25552232265
21,0.660999999046,0.991249901056,0.563999998569,1.27675609589
22,0.66660000205,0.973231056929,0.570000004768,1.25103104115
23,0.667600002289,0.948636217117,0.587999999523,1.23637089729
24,0.674999997616,0.93112049818,0.589999997616,1.26216607094
