epoch,acc,loss,val_acc,val_loss
0,0.169599999264,2.14860800028,0.253999999166,1.95128133297
1,0.256399997771,1.9468665719,0.318000000715,1.84676520824
2,0.298999998271,1.8717336607,0.338000005484,1.79649198055
3,0.325800002217,1.82471853733,0.362000000477,1.75521500111
4,0.348000000417,1.78425491095,0.394000005722,1.73474316597
5,0.369600000381,1.73215601683,0.389999997616,1.6832367897
6,0.38180000186,1.69947651863,0.372000008821,1.70746843815
7,0.388399998546,1.67480445623,0.43599998951,1.6622266531
8,0.400999997258,1.64515002489,0.40799998641,1.62915520668
9,0.411999997497,1.62957952023,0.38599999547,1.62583773136
10,0.422399998903,1.58555994987,0.448000001907,1.62409415245
11,0.452599995732,1.53059106112,0.456000006199,1.57122321129
12,0.453399999738,1.51421180964,0.447999995947,1.55047323704
13,0.465600000024,1.47990717649,0.463999998569,1.55003027916
14,0.467999997735,1.46555833817,0.477999997139,1.53471045494
15,0.488800000548,1.43198519468,0.418000000715,1.55849914551
16,0.497199994922,1.41611222982,0.492000001669,1.49884037971
17,0.51159999907,1.37932617188,0.433999997377,1.54436933994
18,0.50999999404,1.38661630154,0.486000001431,1.48460359573
19,0.527799991965,1.33751642466,0.5,1.47969243526
20,0.535799994469,1.32101820469,0.508000010252,1.4607634306
21,0.542799996734,1.29795439959,0.526000005007,1.42846314907
22,0.539799997211,1.28915062189,0.475999999046,1.50888118744
23,0.551800000668,1.26493879318,0.528000003099,1.41587030888
24,0.563599994779,1.22858856678,0.525999987125,1.41325435638
