epoch,acc,loss,val_acc,val_loss
0,0.173999999985,2.24068060875,0.190000000596,2.10744600296
1,0.270799998939,2.04992241383,0.308000004292,1.96673147678
2,0.327000002861,1.92824504614,0.367999994755,1.829297328
3,0.369599997997,1.81869146824,0.374000000954,1.79687182903
4,0.38780000031,1.78715063572,0.377999997139,1.8081507206
5,0.41819999814,1.69507132292,0.374000000954,1.7805134058
6,0.447799999714,1.61415056229,0.430000001192,1.69023272991
7,0.473999998569,1.52953052998,0.425999999046,1.73904931545
8,0.502799998522,1.45832401514,0.423999994993,1.64146909714
9,0.519599996805,1.40071820259,0.437999993563,1.67071175575
10,0.546799996495,1.3175002861,0.447999995947,1.62742543221
11,0.570400000215,1.25817800164,0.451999986172,1.72115709782
12,0.587799999714,1.19957452893,0.413999992609,1.73454289436
13,0.624800000191,1.09828008056,0.439999997616,1.77850456238
14,0.655000001192,1.02625963807,0.415999996662,1.83155503273
15,0.676200000048,0.960108393431,0.421999996901,1.84408509731
16,0.691799997091,0.91095600605,0.439999997616,1.95514125824
17,0.728999998569,0.817664328814,0.459999996424,1.91309776306
18,0.748199996948,0.752415087223,0.460000002384,1.95612051487
19,0.773200000525,0.675002547503,0.425999993086,2.19193754196
20,0.787999995947,0.627664952874,0.405999994278,2.30964455605
21,0.784199995995,0.6287559551,0.411999994516,2.36696658134
22,0.826199996471,0.528115949631,0.425999993086,2.35631532669
23,0.850200001001,0.448884222507,0.401999992132,2.72691397667
24,0.865399999619,0.419574096203,0.376000005007,2.71531968117
