epoch,acc,loss,val_acc,val_loss
0,0.153200000823,2.25958756447,0.192000001669,2.17972745895
1,0.247600000501,2.09651190281,0.304000005126,1.96719913483
2,0.318000001311,1.92521278143,0.323999994993,1.87064726353
3,0.353600000739,1.84408863306,0.321999996901,1.88643329144
4,0.379800000787,1.78070276976,0.334000009298,1.80643255711
5,0.40499999702,1.69886638165,0.419999998808,1.72966845036
6,0.437399998903,1.6463105154,0.415999996662,1.71390531063
7,0.431799996495,1.62866051674,0.422000002861,1.70467023849
8,0.447599996924,1.57870955467,0.451999992132,1.68723971844
9,0.455599997044,1.56704657793,0.419999998808,1.66726870537
10,0.463599997163,1.52629080534,0.455999988317,1.60371341705
11,0.480199997425,1.49389776945,0.477999997139,1.57000315189
12,0.486799997091,1.46465611219,0.459999996424,1.58450446129
13,0.500799996257,1.43749596834,0.489999991655,1.59979310036
14,0.510799994469,1.42797472954,0.479999995232,1.53994641304
15,0.52359999299,1.38404675007,0.51400000453,1.52809717655
16,0.523599997759,1.36844321012,0.48599998951,1.5268488884
17,0.539199995995,1.34276410341,0.494000005722,1.49285778999
18,0.54259999752,1.31023969173,0.497999995947,1.49441719055
19,0.550599997044,1.29026819468,0.489999991655,1.52478964329
20,0.562999994755,1.26063377142,0.503999990225,1.50084769726
21,0.566399994493,1.25504123926,0.525999999046,1.44037206173
22,0.579199997187,1.21767673612,0.506000006199,1.45880792141
23,0.586399997473,1.20508901358,0.505999988317,1.47134919167
24,0.593400000334,1.1873900795,0.49999999404,1.4669822216
