epoch,acc,loss,val_acc,val_loss
0,0.179199999645,2.17107520103,0.263999998569,1.91921505928
1,0.279999999106,1.94284395456,0.289999997616,1.89156553745
2,0.320800001323,1.86115367174,0.331999999285,1.80857272148
3,0.354200001359,1.78173704386,0.390000003576,1.73333797455
4,0.399000000358,1.69059816837,0.376000005007,1.68806202412
5,0.418199998736,1.62768497705,0.429999995232,1.61901111603
6,0.433399996161,1.5953276515,0.451999992132,1.57319653034
7,0.458599996567,1.54179003239,0.484000003338,1.52726755142
8,0.465199996829,1.51078552723,0.445999991894,1.55728600025
9,0.477599995136,1.48927229881,0.496000003815,1.53315956593
10,0.492399996519,1.45319368839,0.498000001907,1.49276127815
11,0.510199996829,1.41224003077,0.52199999094,1.43813524246
12,0.51499999404,1.39349723816,0.511999994516,1.45868251324
13,0.5263999933,1.36561697721,0.501999992132,1.44115793705
14,0.536399999261,1.32722974062,0.532000005245,1.44298317432
15,0.537599998116,1.3433816433,0.509999996424,1.45151004791
16,0.548399999142,1.29755632639,0.54999999404,1.39228582382
17,0.569399996996,1.25304858327,0.541999995708,1.38387637138
18,0.578199999332,1.23411771417,0.541999995708,1.42566103935
19,0.572399998307,1.2260827148,0.522000002861,1.43612804413
20,0.565999994278,1.23916743279,0.527999991179,1.3982395649
21,0.598199998736,1.17337861776,0.550000011921,1.39042394161
22,0.609600001574,1.15104422808,0.575999987125,1.34405069351
23,0.611000006199,1.14472648621,0.542000001669,1.38374814987
24,0.614400004148,1.11412837148,0.582000005245,1.3276058197
