epoch,acc,loss,val_acc,val_loss
0,0.165200000033,2.2185630703,0.240000000596,2.11339497566
1,0.25680000037,2.04886093616,0.271999999881,2.02363674641
2,0.302599999905,1.96562339306,0.344000005722,1.91130359173
3,0.312000002563,1.92141659975,0.358000004292,1.85280570984
4,0.336799999177,1.86815823078,0.351999998093,1.83138787746
5,0.357799999416,1.81288268089,0.389999997616,1.77374174595
6,0.385599998832,1.7602405858,0.362000000477,1.84411277771
7,0.391000000238,1.75324216843,0.421999996901,1.69030478001
8,0.418399998546,1.6739261651,0.424000000954,1.66365702152
9,0.435799998045,1.62187200546,0.430000007153,1.64623551369
10,0.461999995112,1.56856477022,0.436000001431,1.62078361511
11,0.479199996591,1.51959280252,0.462000000477,1.59688446522
12,0.480599998832,1.50101942062,0.445999997854,1.63826851845
13,0.489599998593,1.49482221127,0.442000001669,1.62432742119
14,0.50979999423,1.4446584177,0.459999996424,1.56331810951
15,0.506199997067,1.43506789446,0.471999996901,1.51360781193
16,0.53060000062,1.37383322716,0.474000006914,1.53091523647
17,0.52680000186,1.36277045727,0.487999993563,1.50414962769
18,0.535799998045,1.34964306593,0.479999995232,1.50098001957
19,0.556399995089,1.29554065228,0.497999995947,1.50265965462
20,0.553799999356,1.28220014334,0.49999999404,1.55527822971
21,0.568199997544,1.27497923374,0.468000000715,1.549097085
22,0.57039999783,1.26236962557,0.505999988317,1.45865359306
23,0.58159999609,1.22893771529,0.492000001669,1.4675994873
24,0.588799999356,1.19837635517,0.503999996185,1.46756534576
