epoch,acc,loss,val_acc,val_loss
0,0.184800000191,2.17476671696,0.237999993563,2.01184113026
1,0.303800002038,1.91893923998,0.321999996901,1.96509361267
2,0.3528000018,1.82443025351,0.397999995947,1.73746130466
3,0.420599997044,1.70328023195,0.437999993563,1.67989525795
4,0.459400000572,1.57915699959,0.459999996424,1.63218197823
5,0.483799999952,1.50746059179,0.469999998808,1.60980417728
6,0.511800000072,1.45003754377,0.510000008345,1.49209394455
7,0.537800000906,1.36730420589,0.507999992371,1.42803628445
8,0.562799996734,1.31265434265,0.506000000238,1.4756067276
9,0.578000004292,1.27933103085,0.493999993801,1.43148469925
10,0.581799999475,1.25664731264,0.548000001907,1.38380346298
11,0.60099999845,1.17664772987,0.548000001907,1.36840295792
12,0.602599999309,1.17667518139,0.551999998093,1.42258400917
13,0.605200002789,1.1688067615,0.545999997854,1.35391747952
14,0.622599999905,1.12212498307,0.542000007629,1.35313255787
15,0.639599997997,1.07582198024,0.547999989986,1.33838994503
16,0.631399997473,1.08000863671,0.541999995708,1.38804786205
17,0.646000000238,1.05295100927,0.577999997139,1.28544239998
18,0.665600003004,1.00642984509,0.575999999046,1.3182444334
19,0.670200002193,0.987162424326,0.598000001907,1.24063904285
20,0.673200001717,0.980739334822,0.565999996662,1.29638352394
21,0.677399998903,0.95549689889,0.579999995232,1.28063671589
22,0.69240000248,0.923237192631,0.577999985218,1.26001904011
23,0.701600000858,0.902107787132,0.577999997139,1.30963840485
24,0.709400001764,0.873117203712,0.596000003815,1.27852365971
