epoch,acc,loss,val_acc,val_loss
0,0.192400000021,2.13618171453,0.284000000358,2.0434376955
1,0.300000001192,1.9347953701,0.280000001192,2.02956335545
2,0.333200002015,1.85115931749,0.330000001192,1.87539930344
3,0.358400000632,1.78826354742,0.375999993086,1.80553977489
4,0.381999998093,1.7340358901,0.428000003099,1.72824964523
5,0.411200000644,1.66525223255,0.4,1.68335900307
6,0.428799997568,1.63094076872,0.430000001192,1.66529374123
7,0.445599999428,1.57674242258,0.44999999404,1.58306117058
8,0.46779999733,1.52094367981,0.493999993801,1.51033623219
9,0.477199997306,1.48291741371,0.479999995232,1.51192891598
10,0.495799996257,1.4414163661,0.495999997854,1.48433024883
11,0.510399999022,1.39496361017,0.516000002623,1.4473074913
12,0.520799996853,1.37014121056,0.507999992371,1.43689005375
13,0.529999995828,1.33137220383,0.503999990225,1.41369028091
14,0.535799996853,1.30634673834,0.525999987125,1.3832627058
15,0.559199997187,1.27658726454,0.505999988317,1.42588169575
16,0.549999995828,1.28423933268,0.504000002146,1.43276145458
17,0.564399996996,1.24894514084,0.548000001907,1.35395743847
18,0.570199998617,1.2192784524,0.543999987841,1.33404774666
19,0.582999998331,1.19974094748,0.539999979734,1.34843821526
20,0.593800000548,1.14908413887,0.551999992132,1.29106695652
21,0.604599997997,1.12751402497,0.554000008106,1.30604190826
22,0.609400000572,1.10409807086,0.565999996662,1.29755904675
23,0.61719999671,1.08123633385,0.575999999046,1.26749098301
24,0.625400002003,1.07170817494,0.587999987602,1.31088366508
