epoch,acc,loss,val_acc,val_loss
0,0.155600001216,2.25028811455,0.14999999851,2.18488783836
1,0.243800000101,2.07855102777,0.254000002146,2.01638102531
2,0.303200000823,1.9354842639,0.333999997377,1.85891056061
3,0.354000000656,1.83514120579,0.363999998569,1.76005330086
4,0.38340000093,1.74702310085,0.389999997616,1.69699475765
5,0.388999997973,1.70639172316,0.395999997854,1.72107746601
6,0.408799996376,1.66029247999,0.437999999523,1.61519525051
7,0.441999998093,1.60702180624,0.433999997377,1.59742798805
8,0.451199995875,1.55870096207,0.453999990225,1.56152122021
9,0.481599996686,1.50594429493,0.445999997854,1.54583215714
10,0.482999997735,1.49108299017,0.442000001669,1.56947927475
11,0.473599995375,1.50217843533,0.437999993563,1.55238883495
12,0.490199995637,1.47427779913,0.474000000954,1.5090845108
13,0.508999997377,1.41099769115,0.491999995708,1.48475940228
14,0.517599993944,1.39323513031,0.494000005722,1.52076666355
15,0.534200000763,1.36120064497,0.481999993324,1.48295459747
16,0.536799998879,1.34702810287,0.481999987364,1.46509668827
17,0.541599995494,1.33292165756,0.5,1.46360623837
18,0.553999993801,1.2987565279,0.481999993324,1.45307354927
19,0.56839999795,1.26770859241,0.52199999094,1.41664893627
20,0.568999994993,1.25841966629,0.505999988317,1.45704057217
21,0.575199998021,1.23534527063,0.508000004292,1.45778667927
22,0.586199997663,1.2142884028,0.496000003815,1.46545894146
23,0.578799993396,1.21344598055,0.482000005245,1.49260926247
24,0.594600000978,1.1901123035,0.529999989271,1.44766995907
