epoch,acc,loss,val_acc,val_loss
0,0.107999999523,2.29769982815,0.165999999642,2.28334608078
1,0.176600000113,2.24835813999,0.168000000715,2.20715990067
2,0.213999999017,2.16881603718,0.217999997735,2.13078465462
3,0.247199999392,2.09930821657,0.246000000834,2.0374724865
4,0.280200001299,2.02984301567,0.304000005126,1.97294335365
5,0.314200000465,1.95799581289,0.337999999523,1.92646102905
6,0.316599999666,1.93137724638,0.316000002623,1.93298563957
7,0.354600001574,1.87144366264,0.36400000453,1.85759897232
8,0.373199999034,1.81535208464,0.356000000238,1.84477517605
9,0.394599997997,1.7685600543,0.383999997377,1.79809961319
10,0.407799997926,1.7377205801,0.393999993801,1.77809920311
11,0.411399999261,1.71775886536,0.381999999285,1.78480217457
12,0.42539999783,1.67820158005,0.368000000715,1.76413216591
13,0.428999997377,1.64679883003,0.407999998331,1.72203688622
14,0.45279999733,1.61285145998,0.409999996424,1.75594117641
15,0.452199997306,1.60622712374,0.421999996901,1.71288986206
16,0.464599997997,1.57624780893,0.408000004292,1.73638086319
17,0.471599997282,1.55534396172,0.413999992609,1.70982379913
18,0.484799997211,1.51090672255,0.443999999762,1.70064496994
19,0.497600001097,1.49340304613,0.430000001192,1.68405380249
20,0.508399999142,1.44911471367,0.415999990702,1.68754208088
21,0.511599995494,1.42799227238,0.437999993563,1.69173452854
22,0.523799996972,1.42017210722,0.425999993086,1.71336591244
23,0.533199997544,1.38687055349,0.462000000477,1.6818141222
24,0.526399991512,1.39378247499,0.427999997139,1.70634820461
